AnnotSV_ID	SV_chrom	SV_start	SV_end	SV_length	SV_type	Samples_ID	Annotation_mode	CytoBand	Gene_name	Closest_left	Closest_right	Gene_count	Tx	Tx_version	Tx_start	Tx_end	Overlapped_tx_length	Overlapped_CDS_length	Overlapped_CDS_percent	Frameshift	Exon_count	Location	Location2	Dist_nearest_SS	Nearest_SS_type	Intersect_start	Intersect_end	RE_gene	P_gain_phen	P_gain_hpo	P_gain_source	P_gain_coord	P_loss_phen	P_loss_hpo	P_loss_source	P_loss_coord	P_ins_phen	P_ins_hpo	P_ins_source	P_ins_coord	po_P_gain_phen	po_P_gain_hpo	po_P_gain_source	po_P_gain_coord	po_P_gain_percent	po_P_loss_phen	po_P_loss_hpo	po_P_loss_source	po_P_loss_coord	po_P_loss_percent	P_snvindel_nb	P_snvindel_phen	B_gain_source	B_gain_coord	B_gain_AFmax	B_loss_source	B_loss_coord	B_loss_AFmax	B_ins_source	B_ins_coord	B_ins_AFmax	B_inv_source	B_inv_coord	B_inv_AFmax	po_B_gain_allG_source	po_B_gain_allG_coord	po_B_gain_someG_source	po_B_gain_someG_coord	po_B_loss_allG_source	po_B_loss_allG_coord	po_B_loss_someG_source	po_B_loss_someG_coord	GC_content_left	GC_content_right	Repeat_coord_left	Repeat_type_left	Repeat_coord_right	Repeat_type_right	Gap_left	Gap_right	SegDup_left	SegDup_right	ENCODE_blacklist_left	ENCODE_blacklist_characteristics_left	ENCODE_blacklist_right	ENCODE_blacklist_characteristics_right	ACMG	HI	TS	DDD_HI_percent	ExAC_delZ	ExAC_dupZ	ExAC_cnvZ	ExAC_synZ	ExAC_misZ	GenCC_disease	GenCC_moi	GenCC_classification	GenCC_pmid	NCBI_gene_ID	HGNC_gene_ID	OMIM_ID	OMIM_phenotype	OMIM_inheritance	OMIM_morbid	OMIM_morbid_candidate	LOEUF_bin	GnomAD_pLI	ExAC_pLI	AnnotSV_ranking_score	AnnotSV_ranking_criteria	ACMG_class
X_101393273_101408012_DEL_1	X	101393273	101408012	-14740	DEL	NA	full	q22.1	RPL36A;RPL36A-HNRNPH2;GLA	BTK	HNRNPH2	3																BTK (HI=3/morbid/RE=ABC_enhancer+EA_enhancer);HNRNPH2 (morbid/RE=ABC_enhancer+EA_enhancer+RefSeq_promoter);TIMM8A (HI=3/morbid/RE=ABC_enhancer+EA_enhancer)			dbVar:nssv16212294;dbVar:nssv17976588	X:101398371-101398371;X:101401238-101403995	Fabry disease, 301500 (3) XL;Fabry disease, cardiac variant, 301500 (3) XL;Fabry_disease	HP:0001071	CLN:970127;HI3:GLA;dbVar:nssv15770145;dbVar:nssv16254717;dbVar:nssv16255807;dbVar:nssv17955894;dbVar:nssv17968932;dbVar:nssv17976162;dbVar:nssv18330599;dbVar:nssv18787125;dbVar:nssv18787126;morbid:GLA	X:101396977-101398838;X:101397791-101400665;X:101397804-101407925;X:101397810-101404005;X:101397821-101402339;X:101397821-101402342;X:101397822-101402341;X:101400647-101401829;X:101400814-101407925;X:101401592-101401992;X:101403230-101407885;X:101403792-101404005															310	Cardiomyopathy;Cardiovascular_phenotype;Fabry_disease;Fabry_disease,_cardiac_variant;GLA-related_disorder;Hypertrophic_cardiomyopathy;Migalastat_response;Primary_familial_hypertrophic_cardiomyopathy;not_specified										IMH	X:101070962-130555575	0.0188				chrX:101407462-101407480 HPRC:pbsv.INS.DUP.6732				chrX:101401959-101402034 dbVar	0.410	0.460	X:101393147-101393521	L1MA1												3		42.34				0.78524706560657	1.92715516441179							300644			yes		0	9.9675e-01	9.8505e-01	1.0	1A (cf Gene_count, RE_gene, +0.00);2A (cf P_loss_source, +1.00);3A (3 genes, +0.00);5F (+0.00)	5
X_101393273_101408012_DEL_1	X	101393273	101408012	-14740	DEL	NA	split	q22.1	RPL36A				NM_021029	6	101391010	101396155	2883	144	44	no	5	intron3-txEnd	CDS-3'UTR	1450	5'	101393272	101396155																																			IMH	X:101070962-130555575	0.0188																										23.42				0.554409985839719	1.67720375950254					6173	HGNC:10359						4	4.2737e-01	7.9321e-01			full=5
X_101393273_101408012_DEL_1	X	101393273	101408012	-14740	DEL	NA	split	q22.1	RPL36A-HNRNPH2				NM_001199973	2	101391010	101414133	14740	123	34	no	5	intron3-intron4	CDS	1450	5'	101393272	101408012				dbVar:nssv16212294;dbVar:nssv17976588	X:101398371-101398371;X:101401238-101403995	Fabry disease, 301500 (3) XL;Fabry disease, cardiac variant, 301500 (3) XL;Fabry_disease	HP:0001071	CLN:970127;HI3:GLA;dbVar:nssv15770145;dbVar:nssv16254717;dbVar:nssv16255807;dbVar:nssv17955894;dbVar:nssv17968932;dbVar:nssv17976162;dbVar:nssv18330599;dbVar:nssv18787125;dbVar:nssv18787126;morbid:GLA	X:101396977-101398838;X:101397791-101400665;X:101397804-101407925;X:101397810-101404005;X:101397821-101402339;X:101397821-101402342;X:101397822-101402341;X:101400647-101401829;X:101400814-101407925;X:101401592-101401992;X:101403230-101407885;X:101403792-101404005															310	Cardiomyopathy;Cardiovascular_phenotype;Fabry_disease;Fabry_disease,_cardiac_variant;GLA-related_disorder;Hypertrophic_cardiomyopathy;Migalastat_response;Primary_familial_hypertrophic_cardiomyopathy;not_specified										IMH	X:101070962-130555575	0.0188																										35.72										100529097	HGNC:48349						5	3.6425e-01				full=5
X_101393273_101408012_DEL_1	X	101393273	101408012	-14740	DEL	NA	split	q22.1	GLA				NM_001406747	1	101397802	101407925	10123	1413	100	no	8	txStart-txEnd	5'UTR-3'UTR			101397802	101407925				dbVar:nssv16212294;dbVar:nssv17976588	X:101398371-101398371;X:101401238-101403995	Fabry disease, 301500 (3) XL;Fabry disease, cardiac variant, 301500 (3) XL;Fabry_disease	HP:0001071	CLN:970127;HI3:GLA;dbVar:nssv15770145;dbVar:nssv16254717;dbVar:nssv17955894;dbVar:nssv17968932;dbVar:nssv17976162;dbVar:nssv18330599;dbVar:nssv18787125;morbid:GLA	X:101397804-101407925;X:101397810-101404005;X:101397821-101402339;X:101397821-101402342;X:101397822-101402341;X:101400647-101401829;X:101400814-101407925;X:101401592-101401992;X:101403230-101407885;X:101403792-101404005															310	Cardiomyopathy;Cardiovascular_phenotype;Fabry_disease;Fabry_disease,_cardiac_variant;GLA-related_disorder;Hypertrophic_cardiomyopathy;Migalastat_response;Primary_familial_hypertrophic_cardiomyopathy;not_specified										IMH	X:101070962-130555575	0.0188																							ACMG	3	0	42.34				0.78524706560657	1.92715516441179	Fabry disease	XL	Definitive;Strong;Supportive	10666480;12175777;20301469[PMID]	2717	HGNC:4296	300644	Fabry disease, 301500 (3) XL;Fabry disease, cardiac variant, 301500 (3) XL	XL	yes		0	9.9675e-01	9.8505e-01			full=5
12_47300000_47365000_DUP_1	12	47300000	47365000	65001	DUP	NA	full	q13.11	LOC105369747;LOC124900322;LINC02416;MIR4494	LOC105369746	LINC02156	4																AGTPBP1 (morbid/RE=mTL_miRNA);AMD1 (morbid/RE=mTL_miRNA);BRWD1 (morbid/RE=mTL_miRNA);CAD (morbid/RE=mTL_miRNA);COL9A2 (morbid/RE=mTL_miRNA);CRIPT (morbid/RE=mTL_miRNA);DOCK11 (morbid/RE=mTL_miRNA);FLG2 (morbid/RE=mTL_miRNA);GIPC1 (morbid/RE=mTL_miRNA);GRHL2 (morbid/RE=mTL_miRNA);KIAA0586 (morbid/RE=mTL_miRNA);KYNU (morbid/RE=mTL_miRNA);MPLKIP (morbid/RE=mTL_miRNA);PDP1 (morbid/RE=mTL_miRNA);PEX10 (morbid/RE=mTL_miRNA);PTPA (morbid/RE=mTL_miRNA);RPS28 (morbid/RE=mTL_miRNA);SPTLC2 (morbid/RE=mTL_miRNA);THAP1 (morbid/RE=mTL_miRNA);TLK2 (morbid/RE=mTL_miRNA);VPS13B (morbid/RE=mTL_miRNA);WDFY3 (HI=3/RE=mTL_miRNA)															dbVar:nssv15161620;dbVar:nssv15161414;nssv15161422;dbVar:nssv15171852;dbVar:nssv15161798;dbVar:nssv15171855;dbVar:nssv8639990;dbVar:nssv17969524;dbVar:nssv17059477	12:45741-133265309;12:64622-133201316;12:82454-133201059;12:121272-133196807;12:512055-133202532;12:31734038-49966678;12:37463949-49397676;12:37480147-49184836	0.05;0.05;0.05;0.05;0.05;0.36;0.54;0.56			dbVar:nssv15126587;dbVar:nssv18326467	12:43514692-47706302;12:44267367-48527421	1.55;1.53												IMH	12:30757998-51226316;12:40539485-113039119	0.1445				chr12:47338686-47339601 dbVar			chr12:47321980-47323413 dbVar;chr12:47334495-47334560 dbVar;12:47338796-47339673 DDD:38593;chr12:47339659-47340728 dbVar;chr12:47361078-47361174 dbVar;	chr12:47305269-47305343 dbVar;chr12:47332217-47419217 dbVar;chr12:47338667-47339545 dbVar;12:47338796-47339673 esv2665799;chr12:47348392-47348473 dbVar;chr12:47364880-47366315 dbVar	0.395	0.275	12:47297878-47300146	L1MEf																																		0.0	1A (cf Gene_count, RE_gene, +0.00);2B (cf po_P_gain_source, TS, OMIM_morbid, +0.00);2G (cf po_B_gain_someG_source, +0.00);2L (LINC02416, +0.00);3A (4 genes, +0.00);4O (cf po_B_gain_AllG_source, B_gain_source, po_B_gain_SomeG_source, +0.00);5F (+0.00)	3
12_47300000_47365000_DUP_1	12	47300000	47365000	65001	DUP	NA	split	q13.11	LOC105369747				NR_135024	1	47305916	47307399	1483	0	0	NA	2	txStart-txEnd	UTR			47305916	47307399																																			IMH	12:30757998-51226316;12:40539485-113039119	0.1445																																																full=3
12_47300000_47365000_DUP_1	12	47300000	47365000	65001	DUP	NA	split	q13.11	LOC124900322				XR_007063625	1	47346165	47346297	132	0	0	NA	1	txStart-txEnd	UTR			47346165	47346297																													dbVar	chr12:47332217-47419217	0.01				IMH	12:30757998-51226316;12:40539485-113039119	0.1445																																																full=3
12_47300000_47365000_DUP_1	12	47300000	47365000	65001	DUP	NA	split	q13.11	LINC02416				NR_183615	1	47353767	47371840	11233	0	0	NA	4	txStart-intron1	UTR	2291	3'	47353767	47365000																													dbVar	chr12:47332217-47419217	0.01				IMH	12:30757998-51226316;12:40539485-113039119	0.1445																																				107984528	HGNC:53345											full=3
12_47300000_47365000_DUP_1	12	47300000	47365000	65001	DUP	NA	split	q13.11	MIR4494				NR_039715	1	47364185	47364269	84	0	0	NA	1	txStart-txEnd	UTR			47364185	47364269																													dbVar	chr12:47332217-47419217	0.01				IMH	12:30757998-51226316;12:40539485-113039119	0.1445																																				100616478	HGNC:41731											full=3
20_52100000_52131000_DUP_1	20	52100000	52131000	31001	DUP	NA	full	q13.2	ZFP64	LOC105372664	LOC105372666	1																DPM1 (morbid/RE=ABC_enhancer);SALL4 (HI=3/morbid/RE=ABC_enhancer)															dbVar:nssv15161429;nssv15161862;dbVar:nssv15163105;dbVar:nssv15163106;dbVar:nssv15163386;dbVar:nssv15161322;dbVar:nssv15145784;dbVar:nssv15145785	20:80929-64284202;20:82604-64281110;20:82604-64317435;20:82604-64329941;20:99558-64277321;20:44787705-64277321;20:49947238-55875406	0.05;0.05;0.05;0.05;0.05;0.16;0.52			dbVar:nssv15150235;dbVar:nssv15134928	20:49011308-53428941;20:50781991-52792847	0.70;1.54																	chr20:52099385-52105341 dbVar;	chr20:52058594-52114171 dbVar;chr20:52112646-52115475 dbVar			chr20:52119593-52120168 dbVar	chr20:52098858-52104428 dbVar	0.420	0.475	20:52099998-52100253	AluY	20:52130794-52131092	AluY												36.35	0.799238971955399	-0.171742500943008	0.192861211115298	1.56874401873732	2.98531591729403												4	1.6534e-04	5.1899e-03	0.0	1A (cf Gene_count, RE_gene, +0.00);2B (cf po_P_gain_source, TS, OMIM_morbid, +0.00);2G (cf po_B_gain_someG_source, +0.00);2L (ZFP64, +0.00);3A (1 gene, +0.00);4O (cf po_B_gain_AllG_source, B_gain_source, po_B_gain_SomeG_source, +0.00);5F (+0.00)	3
20_52100000_52131000_DUP_1	20	52100000	52131000	31001	DUP	NA	split	q13.2	ZFP64				XM_006723822	3	52084010	52105288	5289	172	12	yes	5	txStart-intron1	5'UTR-CDS	1412	3'	52099999	52105288																										dbVar	chr20:52058594-52114171;chr20:52099385-52105341	0.01																																			36.35	0.799238971955399	-0.171742500943008	0.192861211115298	1.56874401873732	2.98531591729403					55734	HGNC:15940						4	1.6534e-04	5.1899e-03			full=3
5_116200000_116235000_DUP_1	5	116200000	116235000	35001	DUP	NA	full	q23.1	COMMD10	ARL14EPL	MIR12130	1																															dbVar:nssv15164761;dbVar:nssv15164765;dbVar:nssv15151111;nssv15151221;dbVar:nssv15776426;dbVar:nssv15142773;dbVar:nssv15145489	5:13649-181478028;5:25330-181266343;5:113463-181292788;5:90653302-129981762;5:107380657-181260337;5:114046361-118610426	0.02;0.02;0.02;0.09;0.05;0.77			dbVar:nssv15151179;dbVar:nssv15143209;nssv17976344;dbVar:nssv15138054;dbVar:nssv15139660;dbVar:nssv15138529;dbVar:nssv17970043;dbVar:nssv15146464;dbVar:nssv15133678;dbVar:nssv15138803;dbVar:nssv15133059;dbVar:nssv15774688;dbVar:nssv15136701;dbVar:nssv15140606;dbVar:nssv15133621;dbVar:nssv17970046;dbVar:nssv15137766;dbVar:nssv18329255;dbVar:nssv15132819	5:17628633-177148719;5:87104184-154620440;5:90374607-128076423;5:91411709-131319563;5:92899735-119614119;5:101272215-126565043;5:106619589-156124387;5:107002210-118025316;5:108308464-125777797;5:108585265-116815075;5:108969106-121999544;5:110687443-130103838;5:111071909-123187191;5:111463017-127193038;5:112108087-116919964;5:112323518-117773507;5:113221695-128770606;5:114707562-126507744	0.02;0.05;0.09;0.09;0.13;0.14;0.07;0.32;0.20;0.43;0.27;0.18;0.29;0.22;0.73;0.64;0.23;0.30			dbVar	chr5:116151202-116249303	0.01	dbVar	chr5:116078844-116301158;chr5:116178754-116306967;chr5:116196255-116275004	0.01				IMH	5:85192778-162907706;5:96855635-159536527;5:99219064-135784342;5:99223293-135778815	0.5229			chr5:116208920-116267652 dbVar;chr5:116226768-116271592 dbVar	chr5:116151202-116249303 dbVar;chr5:116210406-116210490 dbVar			chr5:116147409-116202929 dbVar;chr5:116196255-116275004 dbVar;chr5:116208081-116238978 dbVar;chr5:116214337-116224618 dbVar;chr5:116226768-116271592 dbVar;chr5:116232723-116236492 dbVar	chr5:116078844-116301158 dbVar;chr5:116178754-116306967 dbVar;chr5:116205486-116254875 dbVar;chr5:116208920-116267652 dbVar;chr5:116215476-116215546 dbVar;5:116226769-116271592 1000g	0.340	0.345	5:116199879-116199978;5:116199979-116200253	L1MC1;L1MA2														31.24				-0.689234094623213	-1.61704185821381												9	6.4803e-12	7.8369e-06	0.0	1A (cf Gene_count, RE_gene, +0.00);2B (cf po_P_gain_source, TS, OMIM_morbid, +0.00);2E (cf B_gain_source, +0.00);2L (COMMD10, +0.00);3A (1 gene, +0.00);4O (cf po_B_gain_AllG_source, B_gain_source, po_B_gain_SomeG_source, +0.00);5F (+0.00)	3
5_116200000_116235000_DUP_1	5	116200000	116235000	35001	DUP	NA	split	q23.1	COMMD10				NM_016144	4	116085024	116293287	35001	0	0	NA	7	intron5-intron5	CDS	56516	3'	116199999	116235000																										dbVar	chr5:116151202-116249303	0.01	dbVar	chr5:116078844-116301158;chr5:116178754-116306967;chr5:116196255-116275004	0.01				IMH	5:85192778-162907706;5:96855635-159536527;5:99219064-135784342;5:99223293-135778815	0.5229																										31.24				-0.689234094623213	-1.61704185821381					51397	HGNC:30201						9	6.4803e-12	7.8369e-06			full=3
7_88300000_88318000_DEL_1	7	88300000	88318000	-18001	DEL	NA	full	q21.12	STEAP4;LOC124901692	SRI-AS1	LOC107986815	2																ABCB4 (HI=3/morbid/RE=ABC_enhancer);ADAM22 (morbid/RE=ABC_enhancer)															dbVar:nssv15777247;dbVar:nssv15168013;dbVar:nssv15161666;nssv15161679;dbVar:nssv15168014;dbVar:nssv17970229;dbVar:nssv16867381	7:10366-159327017;7:10705-159329842;7:43362-159327017;7:44936-159333620;7:78192040-93710825;7:87847871-100735704	0.01;0.01;0.01;0.01;0.12;0.14			dbVar:nssv15161318;dbVar:nssv15139860;dbVar:nssv15137666	7:54186-159282390;7:84002635-95228883;7:87379477-91731873	0.01;0.16;0.41												IMH	7:39507051-100351151;7:45847441-101265654;7:45847453-101265940;7:64004376-105619581;7:67304014-102378889;7:67304239-102379805;7:68170339-98454729;7:77095162-102776972;7:77167460-102703083;7:77537156-100694434;7:80929283-101607772;7:84690422-122288781;7:86525263-88855400	0.4994								chr7:88310465-88310548 dbVar	0.510	0.355	7:88299816-88299939	LTR88c														56.42	0.498850139936461	-0.202300028769296	0.0933880668904287	-0.820247858975659	0.330720106752965												5	1.1959e-07	1.4986e-05	0.0	1A (cf Gene_count, RE_gene, +0.00);2B (cf po_P_loss_source, HI, OMIM_morbid, +0.00;2G (cf po_B_loss_someG_source, +0.00);3A (2 genes, +0.00);5F (+0.00)	3
7_88300000_88318000_DEL_1	7	88300000	88318000	-18001	DEL	NA	split	q21.12	STEAP4				NM_001205315	2	88270891	88306894	6895	0	0	NA	6	txStart-intron1	5'UTR	6792	5'	88299999	88306894																																			IMH	7:39507051-100351151;7:45847441-101265654;7:45847453-101265940;7:64004376-105619581;7:67304014-102378889;7:67304239-102379805;7:68170339-98454729;7:77095162-102776972;7:77167460-102703083;7:77537156-100694434;7:80929283-101607772;7:84690422-122288781;7:86525263-88855400	0.4994																										56.42	0.498850139936461	-0.202300028769296	0.0933880668904287	-0.820247858975659	0.330720106752965					79689	HGNC:21923						5	1.1959e-07	1.4986e-05			full=3
7_88300000_88318000_DEL_1	7	88300000	88318000	-18001	DEL	NA	split	q21.12	LOC124901692				XR_007060420	1	88291486	88333301	18001	0	0	NA	2	intron1-intron1	UTR	7689	5'	88299999	88318000																																			IMH	7:39507051-100351151;7:45847441-101265654;7:45847453-101265940;7:64004376-105619581;7:67304014-102378889;7:67304239-102379805;7:68170339-98454729;7:77095162-102776972;7:77167460-102703083;7:77537156-100694434;7:80929283-101607772;7:84690422-122288781;7:86525263-88855400	0.4994																																																full=3
1_18400000_18442000_DUP_1	1	18400000	18442000	42001	DUP	NA	full	p36.13		LOC124903865	KLHDC7A	0																															dbVar:nssv15156967;dbVar:nssv15156970;dbVar:nssv15149867;nssv15151118;dbVar:nssv15133500	1:47852-248934250;1:82155-248924793;1:914088-248930485;1:13619980-18466172	0.02;0.02;0.02;0.87			dbVar:nssv18792748;dbVar:nssv18330519;dbVar:nssv15146223;dbVar:nssv15134672;dbVar:nssv16255421;dbVar:nssv17956822;dbVar:nssv17683507;dbVar:nssv16255420;dbVar:nssv15146488	1:4421212-20203749;1:6698874-18961276;1:15385268-20980349;1:15681813-19662339;1:15714937-20969371;1:16446507-19894580;1:16458756-23165099;1:16958412-21452002;1:18347822-22512894	0.27;0.34;0.75;1.06;0.80;1.22;0.63;0.93;1.01												IMH	1:7601938-50381771;1:10187873-186857210;1:16798094-234784887	0.4698				chr1:18418923-18418996 dbVar				chr1:18403809-18404027 dbVar	0.460	0.565	1:18400031-18400050	(A)n	1:18441913-18441958	(GT)n																																-0.6	1B (cf Gene_count, RE_gene, -0.60);2B (cf po_P_gain_source, TS, OMIM_morbid, +0.00);2G (cf po_B_gain_someG_source, +0.00);3A (0 gene, +0.00);4O (cf po_B_gain_AllG_source, B_gain_source, po_B_gain_SomeG_source, +0.00);5F (+0.00)	3
16_61200000_61226000_DEL_1	16	61200000	61226000	-26001	DEL	NA	full	q21		LOC107984812	LOC105371301	0																															dbVar:nssv15158812;dbVar:nssv15148703;dbVar:nssv15150639;nssv15151292;dbVar:nssv15158813;dbVar:nssv15158224;dbVar:nssv15126469;dbVar:nssv15150356;dbVar:nssv17649855;dbVar:nssv18329628;dbVar:nssv17976066;dbVar:nssv15139966;dbVar:nssv15149003;dbVar:nssv15155487;dbVar:nssv15147081;dbVar:nssv15152203;dbVar:nssv15147082	16:11452-90228224;16:19194-90207973;16:35882-90088654;16:38166-90096867;16:38166-90208287;16:31974778-90228345;16:34963122-64475151;16:46385318-61223349;16:46469662-62169278;16:46470057-90088654;16:49685522-68401712;16:52899184-90088654;16:54382139-72419367;16:56883593-71279975;16:57017562-89731261;16:58456123-74708723	0.03;0.03;0.03;0.03;0.03;0.04;0.09;0.16;0.17;0.06;0.14;0.07;0.14;0.18;0.08;0.16			dbVar:nssv15131864	16:55457478-63841622	0.31												IMH	16:15020811-70019806;16:29226964-88193867	0.4997				chr16:61189476-61210868 dbVar			chr16:61217956-61220743 dbVar	chr16:61203858-61213246 dbVar	0.320	0.360			16:61225131-61226219	L1MEi																																-0.6	1B (cf Gene_count, RE_gene, -0.60);2B (cf po_P_loss_source, HI, OMIM_morbid, +0.00;2G (cf po_B_loss_someG_source, +0.00);3A (0 gene, +0.00);5F (+0.00)	3
3_74200000_74228000_DEL_1	3	74200000	74228000	-28001	DEL	NA	full	p12.3		LINC02047	CNTN3	0																															dbVar:nssv15162889;dbVar:nssv15164144;dbVar:nssv15149891;nssv15151839;dbVar:nssv15138078;dbVar:nssv17976063	3:18497-198221156;3:19818-198111391;3:20215-198125115;3:68328981-76764319;3:72439607-99895914	0.01;0.01;0.01;0.33;0.10			dbVar:nssv15148889;dbVar:nssv15120308;dbVar:nssv15152855;dbVar:nssv15126001;dbVar:nssv15119825;dbVar:nssv15150800;dbVar:nssv15122988;dbVar:nssv15138930	3:57140425-90259960;3:64761249-78410098;3:66148045-75027289;3:68808590-74960959;3:70296168-74865078;3:70384682-76963013;3:71317347-74324671;3:73824872-90453699	0.08;0.21;0.32;0.46;0.61;0.43;0.93;0.17												IMH	3:30036454-134858252;3:72502419-189537676	0.0342									0.475	0.365	3:74199725-74199918;3:74199919-74200216	MER20;AluJr	3:74228040-74228102	MIRc																																-0.6	1B (cf Gene_count, RE_gene, -0.60);2B (cf po_P_loss_source, HI, OMIM_morbid, +0.00;3A (0 gene, +0.00);5F (+0.00)	3
X_142500000_142540000_DUP_1	X	142500000	142540000	40001	DUP	NA	full	q27.2		MAGEC2	LOC105373345	0																																									dbVar	chrX:142438095-142939590	0.01													chrX:142438095-142939590 dbVar			chrX:142516687-142516707 HPRC:pbsv.DEL.8627;	chrX:142509396-142510696 dbVar;chrX:142521046-142521769 dbVar	0.250	0.365	X:142499441-142499994;X:142500026-142500167	L1M5;L1ME2	X:142539198-142541063	L1MA9																																-0.6	1B (cf Gene_count, RE_gene, -0.60);3A (0 gene, +0.00);4O (cf po_B_gain_AllG_source, B_gain_source, po_B_gain_SomeG_source, +0.00);5F (+0.00)	3
